PortalId,SiteID,PortalName
8256DCEE-4B6A-EB11-9889-0004FFE629D4,64D0A214-964F-EB11-A607-000D3A12CA66,Goodyear Dock 11
651ECF54-4B55-EB11-A607-0004FFE62AD8,64D0A214-964F-EB11-A607-000D3A12CA66,Goodyear Dock 01
661ECF54-4B55-EB11-A607-0004FFE62AD8,64D0A214-964F-EB11-A607-000D3A12CA66,Goodyear Dock 09
671ECF54-4B55-EB11-A607-0004FFE62AD8,64D0A214-964F-EB11-A607-000D3A12CA66,Goodyear 3M
691ECF54-4B55-EB11-A607-0004FFE62AD8,64D0A214-964F-EB11-A607-000D3A12CA66,Goodyear Dock 12
6A1ECF54-4B55-EB11-A607-0004FFE62AD8,64D0A214-964F-EB11-A607-000D3A12CA66,Goodyear Dock 13
6B1ECF54-4B55-EB11-A607-0004FFE62AD8,64D0A214-964F-EB11-A607-000D3A12CA66,Goodyear Dock 14
6C1ECF54-4B55-EB11-A607-0004FFE62AD8,64D0A214-964F-EB11-A607-000D3A12CA66,Goodyear Dock 20
86D2E02A-863E-ED11-B495-00224822333C,FAC38CEA-A031-449E-A38F-2D129B1768E6,Sanko Mexico Dock 3
CE909ECD-AE6A-ED11-819C-002248223579,094FC218-4EDD-4963-940A-70F4E679DC83,CleanTec1 Washline
C8920E5E-AA60-4C29-AF1C-031F80D75CED,32DC1238-3C1A-EC11-981F-A04A5E9D8BA9,Longueuil Dock 03
1BA074B9-0617-430A-A035-039F8DB9D7E2,6C5AF2E1-451A-EC11-981F-A04A5E9D8BA9,Guelph Dock 06
DFCDDFBF-C68D-454B-ACD1-0944045D28A1,09B63F37-8261-EB11-9889-000D3A103234,Atlanta Inbound 02
D53705CA-7BE2-4FF8-A0FF-098255AC35A7,6C5AF2E1-451A-EC11-981F-A04A5E9D8BA9,Guelph Dock 08
6EBCF76E-11DB-4035-A069-09BB57194E2F,238882BF-954F-EB11-A607-000D3A12CA66,IFCO SA Dock 25
3E3F962F-980C-43C0-A361-0B01F89C4F03,238882BF-954F-EB11-A607-000D3A12CA66,IFCO SA Dock 22
DD32D978-D3A9-4FC4-BD89-0B1147F0A9B3,32DC1238-3C1A-EC11-981F-A04A5E9D8BA9,Longueuil Dock 01
58CC6D42-8BFD-4547-BCF0-0D033412CC58,5A4530E8-8161-EB11-9889-000D3A103234,IFCO Rancho Dock 13
64C5913B-B305-43B2-9EEF-0D7AA677F292,0037C750-36C5-EB11-A7AD-501AC586A223,Indy Dock 15
1884B6EE-365E-4678-9087-0D8D60127DB3,CFB0DF4C-371A-EC11-981F-A04A5E9D8BA9,York Dock 10
FD39FCC9-DF31-4D22-9C74-0F1D9533B330,5A4530E8-8161-EB11-9889-000D3A103234,IFCO Rancho Dock 26
8C982592-581F-4461-BE49-0F602C8C03C2,BEBAE8D9-8061-EB11-9889-000D3A103234,Fresno Outbound 14
4756A3EC-3BE7-4838-9266-0FCCF97775BE,5A4530E8-8161-EB11-9889-000D3A103234,IFCO Rancho Dock 14
C8578328-3135-46D0-968D-0FE1A152BE5E,BEBAE8D9-8061-EB11-9889-000D3A103234,Fresno Outbound 9
96C8CFAB-BFE2-484C-AD24-1148525AF16F,FAC38CEA-A031-449E-A38F-2D129B1768E6,Sanko Mexico Dock 5
17E9C129-15DC-4F5F-AE69-116A31E5192C,CFB0DF4C-371A-EC11-981F-A04A5E9D8BA9,York Dock 14
D6489911-FCBE-4B1C-9E12-129A42FBF1EC,5A4530E8-8161-EB11-9889-000D3A103234,IFCO Rancho Dock 29
67F8F0B2-F854-447A-A1D2-12FE123E5F13,5A4530E8-8161-EB11-9889-000D3A103234,IFCO Rancho Dock 15
3471796A-022A-4D2C-98C0-1391DDE28B9A,5A4530E8-8161-EB11-9889-000D3A103234,IFCO Rancho Dock 11
D7060519-0C89-4412-9EA3-1663F6968D8A,5A4530E8-8161-EB11-9889-000D3A103234,IFCO Rancho Dock 17
7D54834C-9171-4032-9A52-1856B0F10E12,BEBAE8D9-8061-EB11-9889-000D3A103234,Fresno Washline
CF0F4D2B-B398-45EE-BBEE-1CB86CC43271,0037C750-36C5-EB11-A7AD-501AC586A223,Indy Dock 09
302638A6-4493-4FDD-99EE-1D96944850F9,5A4530E8-8161-EB11-9889-000D3A103234,Rancho Mimasa Washline
DA9D70CD-B5C0-43DA-8808-1DD893774151,0037C750-36C5-EB11-A7AD-501AC586A223,Indy Dock 02
CAE6EA77-C1E9-4636-B583-22036ACE9F3E,0037C750-36C5-EB11-A7AD-501AC586A223,Indy Dock 05
E8C7D512-8046-4F90-A89C-2326A59B6697,0037C750-36C5-EB11-A7AD-501AC586A223,Indy Dock 10
065FF2B1-BB38-4409-ADEA-24106F1CE470,29C58C0E-8261-EB11-9889-000D3A103234,Portland Bruel Washline
0DABD463-6EB7-458D-90A4-26CFB9FD07A3,0037C750-36C5-EB11-A7AD-501AC586A223,Indy Dock 07
5B1A5906-E826-45B8-92B7-2728F9D1488B,29C58C0E-8261-EB11-9889-000D3A103234,Portland Dock 10
47C772A6-A556-42DD-936E-277B6470E988,5A4530E8-8161-EB11-9889-000D3A103234,IFCO Rancho Dock 21
D66112FF-B577-EB11-9889-2818789A39C2,64D0A214-964F-EB11-A607-000D3A12CA66,DO NOT USE
FA9C6BED-7293-448D-BA66-28F7014916CF,CFB0DF4C-371A-EC11-981F-A04A5E9D8BA9,York Dock 21
67A3388F-CCD3-46A9-9CCC-29E1FCB257EA,5A4530E8-8161-EB11-9889-000D3A103234,IFCO Rancho Dock 23
16E59836-31D5-4F4D-BDD4-2C2FB0E72168,FAC38CEA-A031-449E-A38F-2D129B1768E6,Sanko Mexico Dock 9
D06DB5F1-DDB8-45B8-859A-3148DD99EDE0,29C58C0E-8261-EB11-9889-000D3A103234,Portland Dock 16
106C3AF5-B7D6-451E-975B-3481D2B9CC42,238882BF-954F-EB11-A607-000D3A12CA66,IFCO SA Dock 26
314B6502-8120-47D7-89F0-349AC4A7BA29,09B63F37-8261-EB11-9889-000D3A103234,Atlanta Outbound 2
DEDFCB3B-E34B-41A9-B45D-381CB642449F,0037C750-36C5-EB11-A7AD-501AC586A223,Indy Dock 20
25534CCA-5AA3-49B0-A235-388870A6AF03,0037C750-36C5-EB11-A7AD-501AC586A223,Indy Dock 11
CF5DCCD5-AAD0-4FC4-BAFC-3D35AD78F292,CFB0DF4C-371A-EC11-981F-A04A5E9D8BA9,York Dock 12
349235D4-41D3-47D0-A5C5-3E802DAA7DEF,BEBAE8D9-8061-EB11-9889-000D3A103234,Fresno Inbound 10
61312E4B-FA62-4BD2-A065-3FC2D844EF06,238882BF-954F-EB11-A607-000D3A12CA66,IFCO SA Washline 1
655131B1-CFD9-4A22-947A-4160EF3D3316,BEBAE8D9-8061-EB11-9889-000D3A103234,Fresno Inbound 03
5F427CDD-4755-434C-8D17-42ACB45DBF84,FAC38CEA-A031-449E-A38F-2D129B1768E6,Sanko Mexico Dock 7
7232E69F-4527-426F-8FF7-431F3543FDBD,29C58C0E-8261-EB11-9889-000D3A103234,Portland Colussi Washline
E079D8AD-7D46-4550-9E4C-45772F22E64B,6C5AF2E1-451A-EC11-981F-A04A5E9D8BA9,Guelph Dock 09
9C8837F8-A7A5-421F-B7EE-45F1FF9CF7D7,09B63F37-8261-EB11-9889-000D3A103234,Atlanta Washline 03
E1C47580-559D-44BE-9863-47F11DA9B783,238882BF-954F-EB11-A607-000D3A12CA66,IFCO SA Dock 20
B9470C2D-6E19-4292-9CE5-4B7AA7764727,0037C750-36C5-EB11-A7AD-501AC586A223,Indy Dock 19
8D7F8E59-7FC5-4BD3-A21B-4CFA282FF2B1,BEBAE8D9-8061-EB11-9889-000D3A103234,Fresno Outbound 13
1A65C70F-EDA4-457A-8359-4E0EC1B605A6,5A4530E8-8161-EB11-9889-000D3A103234,IFCO Rancho SE Rollup
F48EF808-529A-406D-AFAF-4EC268132E87,238882BF-954F-EB11-A607-000D3A12CA66,IFCO SA Dock 28
F1B2AD6E-C6A3-EC11-A22A-501AC5862C0A,B94701F2-BED9-EB11-A7AC-A04A5EA8C64B,Trendz SA Inbound 1
C1E50C6A-952C-49A5-ADA8-501E133808B4,5A4530E8-8161-EB11-9889-000D3A103234,IFCO Rancho Dock 32
BD8D54D2-EC1D-47BC-8A26-52461CFC15A7,09B63F37-8261-EB11-9889-000D3A103234,Atlanta Inbound 04
81ED0506-6354-48EA-8441-52AE768FCC0C,CFB0DF4C-371A-EC11-981F-A04A5E9D8BA9,York Dock 06
15012E90-E1F2-41D0-9984-5349BAE19873,6C5AF2E1-451A-EC11-981F-A04A5E9D8BA9,Guelph Dock 07
60C5F502-F2FD-4592-A23E-57A5C41F9FD3,BEBAE8D9-8061-EB11-9889-000D3A103234,Fresno Inbound 04
25DBDB99-BFFF-435C-ABA2-59216F35691C,09B63F37-8261-EB11-9889-000D3A103234,Atlanta Inbound 03
D47E7C96-A38F-4BE7-AB2D-5BFDA45FA439,0037C750-36C5-EB11-A7AD-501AC586A223,Indy Dock 03
6D98C2EF-5F15-4421-8370-5C0B6BB3D54A,5A4530E8-8161-EB11-9889-000D3A103234,IFCO Rancho Dock 18
A750D5EF-FCEF-415E-AF32-5E4FB8E5AAC9,CFB0DF4C-371A-EC11-981F-A04A5E9D8BA9,York Dock 05
5C64AA12-EA73-47C3-A8D4-6099849341D5,238882BF-954F-EB11-A607-000D3A12CA66,IFCO SA Dock 18
87C7A661-3DF7-453B-B243-6244EE4AB6EB,6C5AF2E1-451A-EC11-981F-A04A5E9D8BA9,GuelphWashline2
C1C659E3-5100-40B8-BC22-63445C16C952,5A4530E8-8161-EB11-9889-000D3A103234,IFCO Rancho Dock 07
1CDCC367-1524-4F8A-9D41-64C0279EC11A,CFB0DF4C-371A-EC11-981F-A04A5E9D8BA9,York Dock 32
690536B1-391D-4A1C-A7AA-6502BF8375EC,5A4530E8-8161-EB11-9889-000D3A103234,Rancho Bruel Washline
82BB6897-8247-48E1-9BDD-680F40892E51,32DC1238-3C1A-EC11-981F-A04A5E9D8BA9,Longueuil Dock 02
750DF43C-3EFA-4E90-88D9-6875BB8E438A,238882BF-954F-EB11-A607-000D3A12CA66,IFCO SA Dock 27
0BBC422D-86C2-466B-8842-69FFD614530B,09B63F37-8261-EB11-9889-000D3A103234,Atlanta Inbound 01
E8E9C228-DA3D-4B7E-BE1B-6AE2DDE7189D,6C5AF2E1-451A-EC11-981F-A04A5E9D8BA9,Guelph Dock 03
8C539DEF-0A87-47FB-9548-6BBA6A5AB9DD,6C5AF2E1-451A-EC11-981F-A04A5E9D8BA9,Guelph Dock 10
DAF67CEC-D1C8-47AD-9253-6EA28FF3F9A1,0037C750-36C5-EB11-A7AD-501AC586A223,Indy Dock 17
83212E21-4041-4884-BDE9-6ED6D9A3D770,5A4530E8-8161-EB11-9889-000D3A103234,IFCO Rancho Dock 27
64F9E63A-3DAE-4162-B1F9-70D86EEA79DA,5A4530E8-8161-EB11-9889-000D3A103234,Rancho Bruel 1 Washline
2D46851F-FF15-44D0-AF80-72D958AB5951,09B63F37-8261-EB11-9889-000D3A103234,Atlanta Inbound 08
7C0F0F6A-1721-416B-B7E7-72F546A28A94,6C5AF2E1-451A-EC11-981F-A04A5E9D8BA9,Guelph Dock 04
51C61BC7-B949-403B-8ED1-74F3940FFD15,0037C750-36C5-EB11-A7AD-501AC586A223,Indy Dock 12
2AF6FF4B-D5D9-44D7-BE96-756983641303,BEBAE8D9-8061-EB11-9889-000D3A103234,Fresno Inbound 12
DFC7E006-2804-4052-AB14-75B1C4AA9C85,0037C750-36C5-EB11-A7AD-501AC586A223,Indy Dock 01
A3A20FC7-E5F4-4C39-AFAC-76B94EE362F7,CFB0DF4C-371A-EC11-981F-A04A5E9D8BA9,York Dock 07
06FF4AD5-6E16-408E-848B-77134F89FCFD,5A4530E8-8161-EB11-9889-000D3A103234,IFCO Rancho Dock 24
21BBEB38-6F6B-420D-BB79-785C358A11E0,CFB0DF4C-371A-EC11-981F-A04A5E9D8BA9,York Dock 33
03E53CA2-56A5-4CEC-B520-7BD6C68A4936,5A4530E8-8161-EB11-9889-000D3A103234,Rancho Colussi Washline
23983559-CD5D-479E-BCC3-7CA20EC855F7,5A4530E8-8161-EB11-9889-000D3A103234,IFCO Rancho Dock 22
3AB06387-5B79-41EB-8D06-7D3408406932,09B63F37-8261-EB11-9889-000D3A103234,Atlanta Inbound 06
0BCC0CB8-D033-422B-AD13-7E2A16C36E10,09B63F37-8261-EB11-9889-000D3A103234,Atlanta Inbound 10
9AA4BF21-F5B3-45C3-BB1C-811413F0D133,29C58C0E-8261-EB11-9889-000D3A103234,Portland Dock 06
0A7F42A7-2617-4485-9590-844DBE71BA0E,09B63F37-8261-EB11-9889-000D3A103234,Atlanta Washline 02
52848672-9878-4F4D-AA78-858A7BA59366,BEBAE8D9-8061-EB11-9889-000D3A103234,Fresno Inbound 13
E1C92BA5-10AE-4395-8DCD-88FB960F378F,0037C750-36C5-EB11-A7AD-501AC586A223,Indy Dock 22
345C082C-1E11-44A4-A402-89ECBEB48274,6C5AF2E1-451A-EC11-981F-A04A5E9D8BA9,GuelphWashline3
2CE576FA-CD0D-43B2-8D27-8CB90B8F8355,5A4530E8-8161-EB11-9889-000D3A103234,IFCO Rancho Dock 16
8BF52A26-5221-427A-86A3-8D16C197F283,5A4530E8-8161-EB11-9889-000D3A103234,IFCO Rancho Dock 05
73B61F77-9C03-4470-9B4A-8F00B8D29E58,238882BF-954F-EB11-A607-000D3A12CA66,IFCO SA Dock 24
69964DBD-F002-49CC-9B12-8F367181E973,5A4530E8-8161-EB11-9889-000D3A103234,IFCO Rancho Dock 20
1C4EBD14-6846-4854-8130-917742A32E48,CFB0DF4C-371A-EC11-981F-A04A5E9D8BA9,York Washline 2
B1FC8C29-CE27-4D03-A8E5-93C59FE91584,238882BF-954F-EB11-A607-000D3A12CA66,IFCO SA Dock 29
8BED20D3-45E7-43BA-8B7C-94B7306466D5,29C58C0E-8261-EB11-9889-000D3A103234,Portland Dock 08
74B5907D-8306-4FB5-AA15-94E435CD568B,5A4530E8-8161-EB11-9889-000D3A103234,IFCO Rancho SW Rollup
3A13E5BF-9A3E-4D47-868E-9633A81CCDF4,238882BF-954F-EB11-A607-000D3A12CA66,IFCO SA Washline 3
F85E1D5F-E939-4D95-9DFA-9B2FE0C23213,5A4530E8-8161-EB11-9889-000D3A103234,IFCO Rancho Dock 03
DE7CEA02-7639-4100-87DB-9DCE4D8B21B5,BEBAE8D9-8061-EB11-9889-000D3A103234,Fresno Outbound 07
D95E9EF1-97A5-4BCC-829D-9E93A2FC4841,09B63F37-8261-EB11-9889-000D3A103234,Atlanta Outbound 3
79549095-0016-4C17-BAF8-9F5466788575,09B63F37-8261-EB11-9889-000D3A103234,Atlanta Outbound 4
84E55EBC-DBE7-4ABF-8AA6-A381704F9DDA,0037C750-36C5-EB11-A7AD-501AC586A223,Indy Dock 13
4A314C44-136B-4A37-AB28-A591C2A910E0,CFB0DF4C-371A-EC11-981F-A04A5E9D8BA9,York Dock 17
25EF4FF1-19AF-4930-9F32-A7A9DF44F3DD,BEBAE8D9-8061-EB11-9889-000D3A103234,Fresno Inbound 06
CFA718E3-A93B-487C-99A6-A898FA10EB90,0037C750-36C5-EB11-A7AD-501AC586A223,Indy Washline 1
41FC7334-34D9-4588-B33F-A8B152422E8B,CFB0DF4C-371A-EC11-981F-A04A5E9D8BA9,York Washline 1
730E6A4B-AB05-4E42-809F-AD3CA806418D,5A4530E8-8161-EB11-9889-000D3A103234,IFCO Rancho Dock 09
429A8272-6B37-4EF3-AC43-B10F124DE8F7,09B63F37-8261-EB11-9889-000D3A103234,Atlanta Inbound 07
D7F10A99-D4F9-4863-9A2D-B25C52DA0CC4,5A4530E8-8161-EB11-9889-000D3A103234,IFCO Rancho Dock 04
1C34EC3E-C790-4528-A589-B32F46527C6A,BEBAE8D9-8061-EB11-9889-000D3A103234,Fresno Outbound 08
42530E33-7EBF-4D10-B13D-B4303F76F626,09B63F37-8261-EB11-9889-000D3A103234,Atlanta Inbound 11
C90DDEA6-76A3-4467-9C0D-B602E6C9AA21,0037C750-36C5-EB11-A7AD-501AC586A223,Indy Dock 08
44F0DBEE-34FB-42C3-B1A0-B62682E05DF2,09B63F37-8261-EB11-9889-000D3A103234,Atlanta Outbound 7
A95D5CB6-467E-488F-A922-B6524789615F,0037C750-36C5-EB11-A7AD-501AC586A223,Indy Dock 04
4D1821D8-0EE6-45B9-9A54-BBFEB356CFC3,6C5AF2E1-451A-EC11-981F-A04A5E9D8BA9,Guelph Dock 05
5B54A299-DDB1-49EC-86B6-BECC804AEB7C,5A4530E8-8161-EB11-9889-000D3A103234,IFCO Rancho Dock 02
8017257D-9D49-4967-B061-BFF87BF1D561,0037C750-36C5-EB11-A7AD-501AC586A223,Indy Dock 18
76F0F0EB-D72A-49EB-99EF-C4CA667E1E34,5A4530E8-8161-EB11-9889-000D3A103234,IFCO Rancho Dock 06
4B5F7431-8369-4BA2-A53B-C79C88BEAE08,5A4530E8-8161-EB11-9889-000D3A103234,IFCO Rancho Dock 08
85EBF60E-6BD2-4459-BA7C-CA8C2630D33B,5A4530E8-8161-EB11-9889-000D3A103234,IFCO Rancho Dock 10
EC5CA34E-A79D-4082-9C5F-CA8FEE9AB2E0,238882BF-954F-EB11-A607-000D3A12CA66,IFCO SA Dock 19
602ED91E-53AC-4E29-953A-CB2BC46FBF03,CFB0DF4C-371A-EC11-981F-A04A5E9D8BA9,York Dock 28
BF3BEA92-CC42-4E3A-93A7-CB2F27D4C60E,09B63F37-8261-EB11-9889-000D3A103234,Atlanta Inbound 09
7B6B9D86-FDF2-EC11-B47A-CC60C8A45E88,A4E883BD-BED9-EB11-A7AC-A04A5EA8C64B,Trendz Red Inbound 1
D8E5EA99-D066-4742-9957-CCDB678630E4,CFB0DF4C-371A-EC11-981F-A04A5E9D8BA9,York Dock 24
5C5E6F03-9540-42E7-A4B2-CE8B6B9D779B,FAC38CEA-A031-449E-A38F-2D129B1768E6,Sanko Mexico Dock 1
115BB5BE-CA5D-40A2-B500-CF3FD36CFA91,0037C750-36C5-EB11-A7AD-501AC586A223,Indy Washline 2
F4EC6F76-953C-4BCF-B361-D1DBD0A245FC,32DC1238-3C1A-EC11-981F-A04A5E9D8BA9,Longueuil Washline 1
009C7B75-979D-462D-8669-D1E3E3D0118A,5A4530E8-8161-EB11-9889-000D3A103234,IFCO Rancho Dock 28
86718329-CF16-4C61-B8A8-D2484423C0CA,BEBAE8D9-8061-EB11-9889-000D3A103234,Fresno Inbound 08
99C83DDE-8F71-4293-9780-D2CDB2DEF8E5,0037C750-36C5-EB11-A7AD-501AC586A223,Indy Dock 16
0A420C47-BF19-4BD2-8567-D3A89A4C1CA2,09B63F37-8261-EB11-9889-000D3A103234,Atlanta Washline 01
72DA20EA-8B95-49DF-A5AE-D50B34AC4EAF,6C5AF2E1-451A-EC11-981F-A04A5E9D8BA9,GuelphWashline1
3C7B731F-B0D8-445D-B898-D64C977A5E1B,0037C750-36C5-EB11-A7AD-501AC586A223,Indy Dock 14
EEF48EA8-4C20-444C-B71F-D69E274B1280,29C58C0E-8261-EB11-9889-000D3A103234,Portland Dock 20
1CCAAA70-D51D-45FF-8BA7-D71FAD955730,5A4530E8-8161-EB11-9889-000D3A103234,IFCO Rancho Dock 25
AB8228EA-4942-41F5-B2CE-D7A8FFEF789F,6C5AF2E1-451A-EC11-981F-A04A5E9D8BA9,Guelph Dock 02
5D9AB331-8669-4C88-AEA9-D7E3C4A3E46D,BEBAE8D9-8061-EB11-9889-000D3A103234,Fresno Outbound 12
01BB595E-09AC-4580-836B-DA3796E94067,CFB0DF4C-371A-EC11-981F-A04A5E9D8BA9,York Dock 30
613765F0-CF15-4DF8-9553-DA394C08741A,29C58C0E-8261-EB11-9889-000D3A103234,Portland Dock 18
21C48109-B51F-4BFB-B75F-DFCF560175BF,BEBAE8D9-8061-EB11-9889-000D3A103234,Fresno Outbound 11
CC85DE6E-96F9-4FE2-91A4-E624DC648AEA,09B63F37-8261-EB11-9889-000D3A103234,Atlanta Outbound 5
E9800268-7367-4F9A-AA66-E69EA6ED7B44,0037C750-36C5-EB11-A7AD-501AC586A223,Indy Dock 06
8197737E-28D9-47A9-8BED-E96487FD0413,6C5AF2E1-451A-EC11-981F-A04A5E9D8BA9,Guelph Dock 01
676420A4-8F2B-4C5F-8770-EA0BF8EE598A,CFB0DF4C-371A-EC11-981F-A04A5E9D8BA9,York Dock 19
C34D61BE-7705-4B61-BF96-ECEC78BDF86D,0037C750-36C5-EB11-A7AD-501AC586A223,Indy Dock 21
69A24C11-DCCE-447D-ACB3-EF3879CA7B14,5A4530E8-8161-EB11-9889-000D3A103234,IFCO Rancho Dock 31
EF403DCC-9AF1-4E4F-97C6-F0ECCCAE254C,09B63F37-8261-EB11-9889-000D3A103234,Atlanta Inbound 05
8CC0B42D-CBFA-4881-A548-F1D4B99E8531,238882BF-954F-EB11-A607-000D3A12CA66,IFCO SA Washline 2
F8E5BE9A-D140-41BA-B7BA-F4934D09D0E4,CFB0DF4C-371A-EC11-981F-A04A5E9D8BA9,York Dock 26
139B7E59-7582-468C-8CFE-F556076F2D87,09B63F37-8261-EB11-9889-000D3A103234,Atlanta Outbound 6
78FC0616-FF3F-4640-8B51-F89E393D9399,5A4530E8-8161-EB11-9889-000D3A103234,IFCO Rancho Dock 12
B5DCEF1E-0AA7-492D-97DD-FF650C09BD96,5A4530E8-8161-EB11-9889-000D3A103234,IFCO Rancho Dock 30
